<XMLDB xmlns:xsi="http://www.w3.org/2001/XMLSchema-instance" PATH="local/buykart/db" VERSION="20150505" COMMENT="XMLDB file for Moodle local/buykart" xsi:noNamespaceSchemaLocation="../../../lib/xmldb/xmldb.xsd">
    <TABLES>
        <TABLE NAME="local_oc3_team" COMMENT="OC3 team settings">
            <FIELDS>
                <FIELD NAME="id" TYPE="int" LENGTH="10" NOTNULL="true" SEQUENCE="true" />
                <FIELD NAME="name" TYPE="text" LENGTH="255" NOTNULL="false" SEQUENCE="false" />
                <FIELD NAME="about" TYPE="text" LENGTH="255" NOTNULL="false" SEQUENCE="false" />
                <FIELD NAME="address" TYPE="text" LENGTH="255" NOTNULL="false" SEQUENCE="false" />
                <FIELD NAME="email" TYPE="text" LENGTH="255" NOTNULL="false" SEQUENCE="false" />
                <FIELD NAME="fax" TYPE="text" LENGTH="10" NOTNULL="false" SEQUENCE="false" />
                <FIELD NAME="phone" TYPE="text" LENGTH="10" NOTNULL="false" SEQUENCE="false" />
                <FIELD NAME="medical" TYPE="text" LENGTH="255" NOTNULL="false" SEQUENCE="false" />
                <FIELD NAME="coach" TYPE="int" LENGTH="10" NOTNULL="false" SEQUENCE="false" />
                <FIELD NAME="teamleader" TYPE="int" LENGTH="10" NOTNULL="false" SEQUENCE="false" />
                <FIELD NAME="groupid" TYPE="int" LENGTH="10" NOTNULL="false" SEQUENCE="false" />
                <FIELD NAME="status" TYPE="int" LENGTH="1" NOTNULL="false" DEFAULT="0" SEQUENCE="false"/>
                <FIELD NAME="action_image" TYPE="char" LENGTH="255" NOTNULL="false" SEQUENCE="false" />
                <FIELD NAME="profile_image" TYPE="char" LENGTH="255" NOTNULL="false" SEQUENCE="false" />
                <FIELD NAME="timemodified" TYPE="int" LENGTH="10" NOTNULL="false" SEQUENCE="false"/>
            </FIELDS>
            <KEYS>
                <KEY NAME="primary" TYPE="primary" FIELDS="id" />
            </KEYS>
        </TABLE>       
    </TABLES>
</XMLDB>
